{
  "o8": {
    "n_shards": 12596,
    "g_total": 1411589,
    "cold_v035": {
      "slope": 1.3572,
      "intercept": 180.58,
      "r2": 0.272,
      "resid_std_s": 114.6,
      "n_pts": 25,
      "lambda_s": 4190416.4283642797,
      "gb_seconds": 16761665.713457119,
      "cost": 223.48999362380914,
      "ci": 31.71368471912724,
      "lo": 191.7763089046819,
      "hi": 255.20367834293637,
      "pct": 14.190203420252223
    },
    "cold_v035_env": {
      "max_runtime_s": 674.127456,
      "max_wall_s": 694.1,
      "max_rss_mb": 3704.890625,
      "max_granules": 211,
      "n_ok": 25,
      "n_err": 0
    },
    "warm_v036": {
      "slope": 1.5221,
      "intercept": 144.2,
      "r2": 0.317,
      "resid_std_s": 115.3,
      "n_pts": 25,
      "lambda_s": 3964885.048869012,
      "gb_seconds": 15859540.195476048,
      "cost": 211.46159324236032,
      "ci": 31.899966567934513,
      "lo": 179.5616266744258,
      "hi": 243.36155981029484,
      "pct": 15.085465913128408
    },
    "warm_v036_env": {
      "max_runtime_s": 672.081675,
      "max_wall_s": 702.8,
      "max_rss_mb": 3709.1640625,
      "max_granules": 211,
      "n_ok": 25,
      "n_err": 0
    },
    "store_cache_pct": -5.4
  },
  "o9": {
    "n_shards": 49285,
    "g_total": 3560313,
    "cold_v035": {
      "slope": 2.0329,
      "intercept": 3.07,
      "r2": 0.789,
      "resid_std_s": 40.5,
      "n_pts": 25,
      "lambda_s": 7388846.788639335,
      "gb_seconds": 29555387.15455734,
      "cost": 394.07379908657487,
      "ci": 43.340954718970174,
      "lo": 350.7328443676047,
      "hi": 437.41475380554505,
      "pct": 10.998182274343113
    },
    "cold_v035_env": {
      "max_runtime_s": 352.32995,
      "max_wall_s": 371.0,
      "max_rss_mb": 1515.12890625,
      "max_granules": 144,
      "n_ok": 25,
      "n_err": 0
    },
    "warm_v036": {
      "slope": 1.8556,
      "intercept": 9.99,
      "r2": 0.785,
      "resid_std_s": 37.4,
      "n_pts": 25,
      "lambda_s": 7098827.1433821125,
      "gb_seconds": 28395308.57352845,
      "cost": 378.60600733428424,
      "ci": 40.03218440828584,
      "lo": 338.5738229259984,
      "hi": 418.6381917425701,
      "pct": 10.573573486101623
    },
    "warm_v036_env": {
      "max_runtime_s": 346.931507,
      "max_wall_s": 369.8,
      "max_rss_mb": 1513.51953125,
      "max_granules": 144,
      "n_ok": 25,
      "n_err": 0
    },
    "store_cache_pct": -3.9
  }
}