{
  "o8": {
    "n_shards": 12596,
    "g_total": 1411589,
    "cold_inline": {
      "slope": 1.0712,
      "intercept": 217.9,
      "r2": 0.303,
      "resid_std_s": 90.5,
      "n_pts": 20,
      "lambda_s": 4256856.550645464,
      "cost": 227.03348452950493,
      "ci": 27.538537271538996,
      "lo": 199.49494725796595,
      "hi": 254.57202180104392,
      "pct": 12.12972497365697
    },
    "cold_env": {
      "max_runtime_s": 577.867916,
      "max_wall_s": 603.1809740066528,
      "max_rss_mb": 3530.08203125,
      "max_granules": 211,
      "n_ok": 20,
      "n_err": 5
    },
    "warm_sidecar": {
      "slope": 1.1856,
      "intercept": 172.16,
      "r2": 0.323,
      "resid_std_s": 95.5,
      "n_pts": 20,
      "lambda_s": 3842183.4193612887,
      "cost": 204.91747361484724,
      "ci": 29.058864701857043,
      "lo": 175.8586089129902,
      "hi": 233.97633831670427,
      "pct": 14.180764670403192
    },
    "warm_env": {
      "max_runtime_s": 662.472636,
      "max_wall_s": 681.8837509155273,
      "max_rss_mb": 3540.75,
      "max_granules": 211,
      "n_ok": 20,
      "n_err": 5
    },
    "build_cold": {
      "slope": 2.395,
      "intercept": 203.98,
      "r2": 0.599,
      "resid_std_s": 109.2,
      "n_pts": 20,
      "lambda_s": 5950056.018760327,
      "cost": 317.3379076821558,
      "ci": 33.226735188106694,
      "lo": 284.1111724940491,
      "hi": 350.5646428702625,
      "pct": 10.470458896888688
    },
    "build_cold_verified": true
  },
  "o9": {
    "n_shards": 49285,
    "g_total": 3560313,
    "cold_inline": {
      "slope": 1.9566,
      "intercept": 37.87,
      "r2": 0.604,
      "resid_std_s": 61.0,
      "n_pts": 25,
      "lambda_s": 8832452.754837567,
      "cost": 471.0665022454049,
      "ci": 65.25985062928794,
      "lo": 405.80665161611694,
      "hi": 536.3263528746928,
      "pct": 13.85363856657556
    },
    "cold_env": {
      "max_runtime_s": 395.645627,
      "max_wall_s": 407.8318819999695,
      "max_rss_mb": 2523.01171875,
      "max_granules": 144,
      "n_ok": 25,
      "n_err": 0
    },
    "warm_sidecar": {
      "slope": 2.0334,
      "intercept": 12.61,
      "r2": 0.718,
      "resid_std_s": 49.1,
      "n_pts": 25,
      "lambda_s": 7860880.792721985,
      "cost": 419.24907184671724,
      "ci": 52.55667753098785,
      "lo": 366.6923943157294,
      "hi": 471.80574937770507,
      "pct": 12.535907903024107
    },
    "warm_env": {
      "max_runtime_s": 388.445984,
      "max_wall_s": 401.83937907218933,
      "max_rss_mb": 2503.75,
      "max_granules": 144,
      "n_ok": 25,
      "n_err": 0
    },
    "build_cold": {
      "slope": 1.8742,
      "intercept": 26.76,
      "r2": 0.68,
      "resid_std_s": 49.6,
      "n_pts": 25,
      "lambda_s": 7991589.66243417,
      "cost": 426.22024642039906,
      "ci": 53.06691673964893,
      "lo": 373.1533296807501,
      "hi": 479.287163160048,
      "pct": 12.450585626874886
    },
    "build_cold_verified": false
  },
  "sidecar_build_addend_o8_usd": 90.30442315265086
}