{
  "o8": {
    "n_shards": 12596,
    "g_total": 1411589,
    "cold_v035": {
      "slope": 1.3572,
      "intercept": 180.58,
      "r2": 0.272,
      "resid_std_s": 114.6,
      "n_pts": 25,
      "lambda_s": 4190416.4283642797,
      "gb_seconds": 16761665.713457119,
      "compute_cost": 223.48999362380914,
      "ephemeral_cost": 0.7121612720005093,
      "ephemeral_pct_of_compute": 0.31865465672671633,
      "cost": 224.20215489580968,
      "ci": 31.81474185230437,
      "lo": 192.38741304350532,
      "hi": 256.01689674811405,
      "pct": 14.190203420252221
    },
    "cold_v035_env": {
      "max_runtime_s": 674.127456,
      "max_wall_s": 694.1,
      "max_rss_mb": 3704.890625,
      "max_granules": 211,
      "mean_setup_s": 1.21,
      "max_setup_s": 4.68,
      "n_ok": 25,
      "n_err": 0
    },
    "warm_v036": {
      "slope": 1.5221,
      "intercept": 144.2,
      "r2": 0.317,
      "resid_std_s": 115.3,
      "n_pts": 25,
      "lambda_s": 3964885.048869012,
      "gb_seconds": 15859540.195476048,
      "compute_cost": 211.46159324236032,
      "ephemeral_cost": 0.6738322140552885,
      "ephemeral_pct_of_compute": 0.31865465672671633,
      "cost": 212.13542545641565,
      "ci": 32.00161729689751,
      "lo": 180.13380815951814,
      "hi": 244.13704275331315,
      "pct": 15.085465913128408
    },
    "warm_v036_env": {
      "max_runtime_s": 672.081675,
      "max_wall_s": 702.8,
      "max_rss_mb": 3709.1640625,
      "max_granules": 211,
      "mean_setup_s": 1.69,
      "max_setup_s": 4.88,
      "n_ok": 25,
      "n_err": 0
    },
    "store_cache_pct": -5.4
  },
  "o9": {
    "n_shards": 49285,
    "g_total": 3560313,
    "cold_v035": {
      "slope": 2.0329,
      "intercept": 3.07,
      "r2": 0.789,
      "resid_std_s": 40.5,
      "n_pts": 25,
      "lambda_s": 7388846.788639335,
      "gb_seconds": 29555387.15455734,
      "compute_cost": 394.07379908657487,
      "ephemeral_cost": 1.2557345117292549,
      "ephemeral_pct_of_compute": 0.31865465672671633,
      "cost": 395.3295335983041,
      "ci": 43.47906268945199,
      "lo": 351.8504709088521,
      "hi": 438.80859628775613,
      "pct": 10.998182274343115
    },
    "cold_v035_env": {
      "max_runtime_s": 352.32995,
      "max_wall_s": 371.0,
      "max_rss_mb": 1515.12890625,
      "max_granules": 144,
      "mean_setup_s": 2.29,
      "max_setup_s": 5.77,
      "n_ok": 25,
      "n_err": 0
    },
    "warm_v036": {
      "slope": 1.8556,
      "intercept": 9.99,
      "r2": 0.785,
      "resid_std_s": 37.4,
      "n_pts": 25,
      "lambda_s": 7098827.1433821125,
      "gb_seconds": 28395308.57352845,
      "compute_cost": 378.60600733428424,
      "ephemeral_cost": 1.20644567301779,
      "ephemeral_pct_of_compute": 0.31865465672671633,
      "cost": 379.81245300730205,
      "ci": 40.159748828092276,
      "lo": 339.65270417920976,
      "hi": 419.97220183539434,
      "pct": 10.573573486101623
    },
    "warm_v036_env": {
      "max_runtime_s": 346.931507,
      "max_wall_s": 369.8,
      "max_rss_mb": 1513.51953125,
      "max_granules": 144,
      "mean_setup_s": 2.39,
      "max_setup_s": 5.15,
      "n_ok": 25,
      "n_err": 0
    },
    "store_cache_pct": -3.9
  }
}